W,0x0,22
W,0x20,6
W,0x40,11
W,0x60,21
W,0x80,13
W,0xa0,10
W,0xc0,8
W,0xe0,7
W,0x100,23
W,0x120,25
W,0x140,24
W,0x160,29
W,0x180,9
W,0x1a0,15
W,0x1c0,3
W,0x1e0,31
W,0x200,18
W,0x220,20
W,0x240,0
W,0x260,16
W,0x280,30
W,0x2a0,2
W,0x2c0,28
W,0x2e0,27
W,0x300,14
W,0x320,19
W,0x340,5
W,0x360,1
W,0x380,12
W,0x3a0,4
W,0x3c0,26
W,0x3e0,17
W,0x400,22
W,0x420,6
W,0x440,11
W,0x460,21
W,0x480,13
W,0x4a0,10
W,0x4c0,8
W,0x4e0,7
W,0x500,23
W,0x520,25
W,0x540,24
W,0x560,29
W,0x580,9
W,0x5a0,15
W,0x5c0,3
W,0x5e0,31
W,0x600,22
W,0x620,6
W,0x640,11
W,0x660,21
W,0x680,13
W,0x6a0,10
W,0x6c0,8
W,0x6e0,7
W,0x700,22
W,0x720,6
W,0x740,11
W,0x760,21
W,0x780,22
W,0x7a0,6
W,0x7c0,22
W,0x7e0,6
R,0x7c0,
R,0x7e0,
R,0x7c0,
W,0x780,6
W,0x7a0,22
W,0x7c0,11
W,0x7e0,21
W,0x800,11
W,0x820,21
R,0x800,
R,0x820,
R,0x820,
W,0x7c0,11
W,0x7e0,21
R,0x780,
R,0x7c0,
R,0x7a0,
R,0x7c0,
R,0x7a0,
R,0x7e0,
R,0x7a0,
W,0x700,6
W,0x720,11
W,0x740,21
W,0x760,22
W,0x780,13
W,0x7a0,10
W,0x7c0,8
W,0x7e0,7
W,0x800,13
W,0x820,10
W,0x840,13
W,0x860,10
R,0x840,
R,0x860,
R,0x840,
W,0x800,10
W,0x820,13
W,0x840,8
W,0x860,7
W,0x880,8
W,0x8a0,7
R,0x880,
R,0x8a0,
R,0x880,
W,0x840,7
W,0x860,8
R,0x800,
R,0x840,
R,0x800,
R,0x860,
R,0x800,
R,0x820,
W,0x780,7
W,0x7a0,8
W,0x7c0,10
W,0x7e0,13
R,0x700,
R,0x780,
R,0x720,
R,0x780,
R,0x720,
R,0x7a0,
R,0x720,
R,0x7c0,
R,0x720,
R,0x7e0,
R,0x740,
R,0x7e0,
R,0x740,
R,0x760,
W,0x600,6
W,0x620,7
W,0x640,8
W,0x660,10
W,0x680,11
W,0x6a0,13
W,0x6c0,21
W,0x6e0,22
W,0x700,23
W,0x720,25
W,0x740,24
W,0x760,29
W,0x780,9
W,0x7a0,15
W,0x7c0,3
W,0x7e0,31
W,0x800,23
W,0x820,25
W,0x840,24
W,0x860,29
W,0x880,23
W,0x8a0,25
W,0x8c0,23
W,0x8e0,25
R,0x8c0,
R,0x8e0,
R,0x8e0,
W,0x880,23
W,0x8a0,25
W,0x8c0,24
W,0x8e0,29
W,0x900,24
W,0x920,29
R,0x900,
R,0x920,
R,0x920,
W,0x8c0,24
W,0x8e0,29
R,0x880,
R,0x8c0,
R,0x8a0,
R,0x8c0,
R,0x8a0,
R,0x8e0,
R,0x8e0,
W,0x800,23
W,0x820,24
W,0x840,25
W,0x860,29
W,0x880,9
W,0x8a0,15
W,0x8c0,3
W,0x8e0,31
W,0x900,9
W,0x920,15
W,0x940,9
W,0x960,15
R,0x940,
R,0x960,
R,0x960,
W,0x900,9
W,0x920,15
W,0x940,3
W,0x960,31
W,0x980,3
W,0x9a0,31
R,0x980,
R,0x9a0,
R,0x9a0,
W,0x940,3
W,0x960,31
R,0x900,
R,0x940,
R,0x900,
R,0x960,
R,0x920,
R,0x960,
R,0x960,
W,0x880,3
W,0x8a0,9
W,0x8c0,15
W,0x8e0,31
R,0x800,
R,0x880,
R,0x800,
R,0x8a0,
R,0x800,
R,0x8c0,
R,0x800,
R,0x8e0,
R,0x820,
R,0x8e0,
R,0x840,
R,0x8e0,
R,0x860,
R,0x8e0,
R,0x8e0,
W,0x700,3
W,0x720,9
W,0x740,15
W,0x760,23
W,0x780,24
W,0x7a0,25
W,0x7c0,29
W,0x7e0,31
R,0x600,
R,0x700,
R,0x600,
R,0x720,
R,0x620,
R,0x720,
R,0x640,
R,0x720,
R,0x660,
R,0x720,
R,0x660,
R,0x740,
R,0x680,
R,0x740,
R,0x6a0,
R,0x740,
R,0x6c0,
R,0x740,
R,0x6c0,
R,0x760,
R,0x6e0,
R,0x760,
R,0x760,
R,0x780,
R,0x7a0,
R,0x7c0,
R,0x7e0,
W,0x400,3
W,0x420,6
W,0x440,7
W,0x460,8
W,0x480,9
W,0x4a0,10
W,0x4c0,11
W,0x4e0,13
W,0x500,15
W,0x520,21
W,0x540,22
W,0x560,23
W,0x580,24
W,0x5a0,25
W,0x5c0,29
W,0x5e0,31
W,0x600,18
W,0x620,20
W,0x640,0
W,0x660,16
W,0x680,30
W,0x6a0,2
W,0x6c0,28
W,0x6e0,27
W,0x700,14
W,0x720,19
W,0x740,5
W,0x760,1
W,0x780,12
W,0x7a0,4
W,0x7c0,26
W,0x7e0,17
W,0x800,18
W,0x820,20
W,0x840,0
W,0x860,16
W,0x880,30
W,0x8a0,2
W,0x8c0,28
W,0x8e0,27
W,0x900,18
W,0x920,20
W,0x940,0
W,0x960,16
W,0x980,18
W,0x9a0,20
W,0x9c0,18
W,0x9e0,20
R,0x9c0,
R,0x9e0,
R,0x9e0,
W,0x980,18
W,0x9a0,20
W,0x9c0,0
W,0x9e0,16
W,0xa00,0
W,0xa20,16
R,0xa00,
R,0xa20,
R,0xa20,
W,0x9c0,0
W,0x9e0,16
R,0x980,
R,0x9c0,
R,0x980,
R,0x9e0,
R,0x980,
R,0x9a0,
W,0x900,0
W,0x920,16
W,0x940,18
W,0x960,20
W,0x980,30
W,0x9a0,2
W,0x9c0,28
W,0x9e0,27
W,0xa00,30
W,0xa20,2
W,0xa40,30
W,0xa60,2
R,0xa40,
R,0xa60,
R,0xa40,
W,0xa00,2
W,0xa20,30
W,0xa40,28
W,0xa60,27
W,0xa80,28
W,0xaa0,27
R,0xa80,
R,0xaa0,
R,0xa80,
W,0xa40,27
W,0xa60,28
R,0xa00,
R,0xa40,
R,0xa20,
R,0xa40,
R,0xa20,
R,0xa60,
R,0xa20,
W,0x980,2
W,0x9a0,27
W,0x9c0,28
W,0x9e0,30
R,0x900,
R,0x980,
R,0x920,
R,0x980,
R,0x920,
R,0x9a0,
R,0x940,
R,0x9a0,
R,0x960,
R,0x9a0,
R,0x9a0,
R,0x9c0,
R,0x9e0,
W,0x800,0
W,0x820,2
W,0x840,16
W,0x860,18
W,0x880,20
W,0x8a0,27
W,0x8c0,28
W,0x8e0,30
W,0x900,14
W,0x920,19
W,0x940,5
W,0x960,1
W,0x980,12
W,0x9a0,4
W,0x9c0,26
W,0x9e0,17
W,0xa00,14
W,0xa20,19
W,0xa40,5
W,0xa60,1
W,0xa80,14
W,0xaa0,19
W,0xac0,14
W,0xae0,19
R,0xac0,
R,0xae0,
R,0xae0,
W,0xa80,14
W,0xaa0,19
W,0xac0,5
W,0xae0,1
W,0xb00,5
W,0xb20,1
R,0xb00,
R,0xb20,
R,0xb00,
W,0xac0,1
W,0xae0,5
R,0xa80,
R,0xac0,
R,0xa80,
R,0xae0,
R,0xa80,
R,0xaa0,
W,0xa00,1
W,0xa20,5
W,0xa40,14
W,0xa60,19
W,0xa80,12
W,0xaa0,4
W,0xac0,26
W,0xae0,17
W,0xb00,12
W,0xb20,4
W,0xb40,12
W,0xb60,4
R,0xb40,
R,0xb60,
R,0xb40,
W,0xb00,4
W,0xb20,12
W,0xb40,26
W,0xb60,17
W,0xb80,26
W,0xba0,17
R,0xb80,
R,0xba0,
R,0xb80,
W,0xb40,17
W,0xb60,26
R,0xb00,
R,0xb40,
R,0xb20,
R,0xb40,
R,0xb40,
R,0xb60,
W,0xa80,4
W,0xaa0,12
W,0xac0,17
W,0xae0,26
R,0xa00,
R,0xa80,
R,0xa20,
R,0xa80,
R,0xa20,
R,0xaa0,
R,0xa40,
R,0xaa0,
R,0xa40,
R,0xac0,
R,0xa60,
R,0xac0,
R,0xa60,
R,0xae0,
R,0xae0,
W,0x900,1
W,0x920,4
W,0x940,5
W,0x960,12
W,0x980,14
W,0x9a0,17
W,0x9c0,19
W,0x9e0,26
R,0x800,
R,0x900,
R,0x820,
R,0x900,
R,0x820,
R,0x920,
R,0x840,
R,0x920,
R,0x840,
R,0x940,
R,0x840,
R,0x960,
R,0x840,
R,0x980,
R,0x840,
R,0x9a0,
R,0x860,
R,0x9a0,
R,0x860,
R,0x9c0,
R,0x880,
R,0x9c0,
R,0x880,
R,0x9e0,
R,0x8a0,
R,0x9e0,
R,0x8a0,
R,0x8c0,
R,0x8e0,
W,0x600,0
W,0x620,1
W,0x640,2
W,0x660,4
W,0x680,5
W,0x6a0,12
W,0x6c0,14
W,0x6e0,16
W,0x700,17
W,0x720,18
W,0x740,19
W,0x760,20
W,0x780,26
W,0x7a0,27
W,0x7c0,28
W,0x7e0,30
R,0x400,
R,0x600,
R,0x400,
R,0x620,
R,0x400,
R,0x640,
R,0x400,
R,0x660,
R,0x420,
R,0x660,
R,0x420,
R,0x680,
R,0x420,
R,0x6a0,
R,0x440,
R,0x6a0,
R,0x460,
R,0x6a0,
R,0x480,
R,0x6a0,
R,0x4a0,
R,0x6a0,
R,0x4c0,
R,0x6a0,
R,0x4e0,
R,0x6a0,
R,0x4e0,
R,0x6c0,
R,0x500,
R,0x6c0,
R,0x500,
R,0x6e0,
R,0x520,
R,0x6e0,
R,0x520,
R,0x700,
R,0x520,
R,0x720,
R,0x520,
R,0x740,
R,0x520,
R,0x760,
R,0x520,
R,0x780,
R,0x540,
R,0x780,
R,0x560,
R,0x780,
R,0x580,
R,0x780,
R,0x5a0,
R,0x780,
R,0x5c0,
R,0x780,
R,0x5c0,
R,0x7a0,
R,0x5c0,
R,0x7c0,
R,0x5c0,
R,0x7e0,
R,0x5e0,
R,0x7e0,
R,0x5e0,
W,0x0,0
W,0x20,1
W,0x40,2
W,0x60,3
W,0x80,4
W,0xa0,5
W,0xc0,6
W,0xe0,7
W,0x100,8
W,0x120,9
W,0x140,10
W,0x160,11
W,0x180,12
W,0x1a0,13
W,0x1c0,14
W,0x1e0,15
W,0x200,16
W,0x220,17
W,0x240,18
W,0x260,19
W,0x280,20
W,0x2a0,21
W,0x2c0,22
W,0x2e0,23
W,0x300,24
W,0x320,25
W,0x340,26
W,0x360,27
W,0x380,28
W,0x3a0,29
W,0x3c0,30
W,0x3e0,31